,date,mktrf,smb,hml,rf,year,month,umd,net_ret_ew,gross_ret_ew,net_ret_vw,gross_ret_vw
0,1984-01-31,-1.92,-0.37,7.57,0.76,198400.0,100.0,-2.56,-4.912430967044931,-4.839647279101669,-5.140813347497974,-5.079979300735534
1,1984-02-29,-4.82,-1.69,3.34,0.7100000000000001,198400.0,200.0,0.22,-2.8850212404418034,-2.8850212404418034,-2.8850212404418034,-2.8850212404418034
2,1984-03-30,0.63,0.07,0.4699999999999999,0.73,198400.0,300.0,1.0699999999999998,1.6497116553760591,1.6497116553760591,1.6497116553760591,1.6497116553760591
3,1984-04-30,-0.51,-1.16,1.1900000000000002,0.8100000000000002,198400.0,400.0,2.07,-1.2819572348830164,-1.209158089583871,-1.2316731970374521,-1.1674614503357397
4,1984-05-31,-5.970000000000001,0.07,0.29,0.7800000000000001,198400.0,500.0,1.51,-6.992355876785405,-6.992355876785405,-6.992355876785405,-6.992355876785405
5,1984-06-29,1.82,-0.31,-2.6599999999999997,0.75,198400.0,600.0,-0.7,1.3967889908256912,1.3967889908256912,1.3967889908256912,1.3967889908256912
6,1984-07-31,-2.74,-2.21,0.33,0.8199999999999998,198400.0,700.0,2.83,-3.8882692972478585,-3.815972549280379,-3.361417464538821,-3.2975498175235978
7,1984-08-31,10.280000000000001,-0.24,-1.7999999999999998,0.83,198400.0,800.0,-5.59,11.519341739291681,11.519341739291681,11.519341739291681,11.519341739291681
8,1984-09-28,-0.8,0.18,5.230000000000001,0.86,198400.0,900.0,3.62,-2.1473411454035336,-2.1473411454035336,-2.1473411454035336,-2.1473411454035336
9,1984-10-31,-0.84,-1.23,0.4699999999999999,1.0,198400.0,1000.0,3.16,-1.4137719700920721,-1.3431965732666755,-0.9607648477638179,-0.896484869756326
10,1984-11-30,-1.76,-0.63,4.04,0.73,198400.0,1100.0,1.6400000000000001,-1.6841345831938404,-1.6841345831938404,-1.6841345831938404,-1.6841345831938404
11,1984-12-31,1.8399999999999999,-0.56,-0.25,0.64,198400.0,1200.0,1.49,1.681937661286354,1.681937661286354,1.758881970785852,1.758881970785852
12,1985-01-31,7.99,3.3000000000000003,-5.33,0.65,198500.0,100.0,-6.819999999999999,9.403729357193322,9.482367177706148,9.271970266550767,9.340291520397997
13,1985-02-28,1.22,0.8,-0.1,0.58,198500.0,200.0,1.8800000000000001,-0.9305028954587076,-0.9305028954587076,-0.9305028954587076,-0.9305028954587076
14,1985-03-29,-0.84,-1.0699999999999998,4.07,0.62,198500.0,300.0,1.58,-2.3633858388132754,-2.3633858388132754,-2.3633858388132754,-2.3633858388132754
15,1985-04-30,-0.96,0.15,3.7199999999999998,0.72,198500.0,400.0,3.04,-1.8054583386188519,-1.7310138941744073,-1.5656608993028218,-1.496372609250259
16,1985-05-31,5.09,-2.22,-0.9399999999999998,0.66,198500.0,500.0,3.9899999999999998,3.1556050459430045,3.1556050459430045,3.1556050459430045,3.1556050459430045
17,1985-06-28,1.27,0.52,0.40999999999999986,0.5500000000000002,198500.0,600.0,3.5700000000000003,1.505205520552062,1.505205520552062,1.505205520552062,1.505205520552062
18,1985-07-31,-0.74,2.85,-1.6,0.62,198500.0,700.0,-3.91,0.2590390633190037,0.3366839908552356,0.1300857661429961,0.20104315675113826
19,1985-08-30,-1.02,-0.31,2.2800000000000002,0.5500000000000002,198500.0,800.0,1.8499999999999999,-2.236291612152945,-2.236291612152945,-2.236291612152945,-2.236291612152945
20,1985-09-30,-4.54,-1.59,1.29,0.6,198500.0,900.0,1.51,-4.784533491054264,-4.784533491054264,-4.784533491054264,-4.784533491054264
21,1985-10-31,4.02,-1.51,0.75,0.65,198500.0,1000.0,4.88,3.9911619559564895,4.062438551701172,4.505347439017488,4.574777247060402
22,1985-11-29,6.480000000000001,0.25,-2.8400000000000003,0.61,198500.0,1100.0,-0.4699999999999999,7.843155397787573,7.843155397787573,7.843155397787573,7.843155397787573
23,1985-12-31,3.88,-0.51,-1.54,0.65,198500.0,1200.0,-0.22999999999999998,3.81849053412723,3.81849053412723,3.4465478413450255,3.4465478413450255
24,1986-01-31,0.65,1.21,0.44,0.56,198600.0,100.0,3.0,1.6742303485404353,1.7579059437785303,2.1034976272543497,2.179723884509212
25,1986-02-28,7.13,-0.56,-0.77,0.53,198600.0,200.0,2.76,6.620995475256467,6.620995475256467,6.620995475256467,6.620995475256467
26,1986-03-31,4.88,-0.58,-0.37,0.6,198600.0,300.0,2.41,3.028090025827085,3.028090025827085,3.028090025827085,3.028090025827085
27,1986-04-30,-1.31,2.78,-2.86,0.52,198600.0,400.0,-0.36,-0.7817812708250198,-0.7021819118506608,-0.4241343831626958,-0.34632891913206004
28,1986-05-30,4.62,-1.35,-0.21,0.49,198600.0,500.0,2.0500000000000003,3.7741944584940796,3.7741944584940796,3.7741944584940796,3.7741944584940796
29,1986-06-30,1.03,-0.95,1.3,0.52,198600.0,600.0,5.07,-1.2984773898110962,-1.2984773898110962,-1.2984773898110962,-1.2984773898110962
30,1986-07-31,-6.45,-3.36,4.7,0.52,198600.0,700.0,1.8499999999999999,-7.95059588069724,-7.87249839642051,-7.3846253507399835,-7.305592480025262
31,1986-08-29,6.069999999999999,-4.17,3.51,0.45999999999999996,198600.0,800.0,-5.28,7.441882488153487,7.441882488153487,7.441882488153487,7.441882488153487
32,1986-09-30,-8.6,2.36,3.2199999999999998,0.4500000000000001,198600.0,900.0,-5.79,-9.285841158502096,-9.285841158502096,-9.285841158502096,-9.285841158502096
33,1986-10-31,4.66,-2.5,-1.4200000000000002,0.45999999999999996,198600.0,1000.0,4.46,4.6090125269842686,4.687110011260999,4.60190012000182,4.680923610018827
34,1986-11-28,1.17,-1.91,-0.07,0.38999999999999996,198600.0,1100.0,-0.26,2.0541784398393217,2.0541784398393217,2.0541784398393217,2.0541784398393217
35,1986-12-31,-3.27,0.13,0.36,0.49,198600.0,1200.0,0.35000000000000003,-1.7223683898490125,-1.7101889026695252,-2.771464837677542,-2.7655069628698263
36,1987-01-30,12.47,-1.81,-3.16,0.42,198700.0,100.0,2.1999999999999997,11.415743728036853,11.493313516811988,12.150854656484258,12.229261220566233
37,1987-02-27,4.389999999999999,3.49,-5.91,0.43,198700.0,200.0,-2.07,5.628378106639027,5.628378106639027,5.628378106639027,5.628378106639027
38,1987-03-31,1.6400000000000001,0.4500000000000001,1.6099999999999999,0.4699999999999999,198700.0,300.0,1.68,4.019164086687307,4.019164086687307,4.019164086687307,4.019164086687307
39,1987-04-30,-2.11,-1.69,-0.38999999999999996,0.44,198700.0,400.0,0.22,-2.0757295440896386,-1.9988783391650653,-1.6460224804817034,-1.5691520511666261
40,1987-05-29,0.11,-0.5,0.22999999999999998,0.38,198700.0,500.0,-0.74,1.0291068011643854,1.0291068011643854,1.0291068011643854,1.0291068011643854
41,1987-06-30,3.94,-2.12,1.04,0.48,198700.0,600.0,-0.25,2.732341197822134,2.732341197822134,2.732341197822134,2.732341197822134
42,1987-07-31,3.85,-0.66,0.73,0.45999999999999996,198700.0,700.0,2.6599999999999997,3.954948634288144,4.031654227147013,4.734890388962926,4.81106078467872
43,1987-08-31,3.52,-0.77,-0.95,0.4699999999999999,198700.0,800.0,-0.86,5.20671110859586,5.20671110859586,5.20671110859586,5.20671110859586
44,1987-09-30,-2.59,0.56,0.3,0.4500000000000001,198700.0,900.0,0.77,-0.458003841844078,-0.458003841844078,-0.458003841844078,-0.458003841844078
45,1987-10-30,-23.24,-8.4,4.2299999999999995,0.6,198700.0,1000.0,-7.86,-25.741910343883372,-25.666392811869194,-26.432619445914273,-26.3570765819595
46,1987-11-30,-7.77,2.75,2.96,0.35000000000000003,198700.0,1100.0,-1.17,-9.442552497678113,-9.442552497678113,-9.442552497678113,-9.442552497678113
47,1987-12-31,6.81,0.12,-4.389999999999999,0.38999999999999996,198700.0,1200.0,5.87,6.50292005181115,6.50292005181115,5.88565242957034,5.88565242957034
48,1988-01-29,4.21,-0.76,4.95,0.29,198800.0,100.0,-7.2700000000000005,2.2045961445020366,2.2893943041958966,1.9430809240790552,2.024288652120051
49,1988-02-29,4.75,3.34,-1.69,0.45999999999999996,198800.0,200.0,-1.47,4.988610642320858,4.988610642320858,4.988610642320858,4.988610642320858
50,1988-03-31,-2.27,6.140000000000001,0.74,0.44,198800.0,300.0,0.58,-3.2053970826580263,-3.2053970826580263,-3.2053970826580263,-3.2053970826580263
51,1988-04-29,0.56,0.98,1.63,0.45999999999999996,198800.0,400.0,2.2399999999999998,0.8450537926358366,0.928777788651557,1.0516255598002744,1.1320674826405468
52,1988-05-31,-0.29,-2.6100000000000003,2.42,0.51,198800.0,500.0,0.63,-0.5518488269147577,-0.5518488269147577,-0.5518488269147577,-0.5518488269147577
53,1988-06-30,4.79,2.1,-1.22,0.49,198800.0,600.0,-2.93,4.563852526926258,4.563852526926258,4.563852526926258,4.563852526926258
54,1988-07-29,-1.25,-0.26,2.17,0.51,198800.0,700.0,0.65,-2.2779083297785516,-2.1952446624741744,-2.0895348193073855,-2.010298648499262
55,1988-08-31,-3.3099999999999996,0.04,2.1,0.59,198800.0,800.0,0.35000000000000003,-4.037178301792272,-4.037178301792272,-4.037178301792272,-4.037178301792272
56,1988-09-30,3.3000000000000003,-1.3,-0.75,0.62,198800.0,900.0,0.27,1.8334274668376191,1.8334274668376191,2.831779461834864,2.831779461834864
57,1988-10-31,1.15,-2.92,1.69,0.61,198800.0,1000.0,1.3299999999999998,-0.22310891892944554,-0.1433873654092762,0.7294562350104622,0.808470422085697
58,1988-11-30,-2.29,-1.71,1.3,0.57,198800.0,1100.0,0.33,-2.100650579727806,-2.100650579727806,-2.796732373948702,-2.796732373948702
59,1988-12-30,1.49,1.97,-1.6099999999999999,0.63,198800.0,1200.0,0.49,1.453935030071425,1.453935030071425,1.5810082594684738,1.5810082594684738
60,1989-01-31,6.1,-2.22,0.62,0.5500000000000002,198900.0,100.0,-0.16,5.7724717228215745,5.871001699154654,6.6183717023912045,6.709528647753679
61,1989-02-28,-2.25,2.82,0.93,0.61,198900.0,200.0,0.9899999999999999,-1.7194523259650225,-1.7194523259650225,-2.2936040254201475,-2.2936040254201475
62,1989-03-31,1.5699999999999998,0.67,0.54,0.67,198900.0,300.0,3.51,-0.13775235204695385,-0.13775235204695385,-0.5510882443244528,-0.5510882443244528
63,1989-04-28,4.33,-0.6799999999999999,-1.4000000000000001,0.67,198900.0,400.0,1.77,4.809481936358937,4.909761663878997,4.7577153655431,4.848922221509364
64,1989-05-31,3.35,-0.05,-0.8699999999999999,0.79,198900.0,500.0,1.52,0.4702898854211126,0.4702898854211126,0.7074579442491803,0.7074579442491803
65,1989-06-30,-1.35,-1.02,2.23,0.7100000000000001,198900.0,600.0,0.43,-1.8296799924436609,-1.8296799924436609,-2.369210572813371,-2.369210572813371
66,1989-07-31,7.200000000000001,-4.16,-2.79,0.7,198900.0,700.0,5.390000000000001,6.41091862642516,6.508962576490202,6.9587671925124495,7.050502244754478
67,1989-08-31,1.44,0.56,0.6,0.74,198900.0,800.0,-0.12,0.8927082897983419,0.8927082897983419,0.9382739315598986,0.9382739315598986
68,1989-09-29,-0.76,0.32,-1.27,0.65,198900.0,900.0,3.4000000000000004,-1.786171985523691,-1.786171985523691,-1.4072094987544013,-1.4072094987544013
69,1989-10-31,-3.6700000000000004,-3.240000000000001,-1.11,0.6799999999999999,198900.0,1000.0,1.32,-4.651382107228977,-4.550005065941487,-4.327308924048155,-4.235159689666473
70,1989-11-30,1.03,-1.24,-1.09,0.69,198900.0,1100.0,2.6,0.35189517859697156,0.35189517859697156,0.27383268848493114,0.27383268848493114
71,1989-12-29,1.16,-2.37,0.16,0.61,198900.0,1200.0,2.8000000000000003,0.6062584971862133,0.6062584971862133,0.4525798474823889,0.4525798474823889
72,1990-01-31,-7.85,-1.25,0.8500000000000001,0.57,199000.0,100.0,-3.27,-7.971138523265879,-7.875635617591873,-7.375261887040209,-7.287570693651628
73,1990-02-28,1.11,0.97,0.64,0.57,199000.0,200.0,-0.54,0.10749058181813041,0.10749058181813041,-0.24918990751963574,-0.24918990751963574
74,1990-03-30,1.83,1.46,-2.92,0.64,199000.0,300.0,1.7999999999999998,2.4515946409763556,2.4515946409763556,2.6271897487537657,2.6271897487537657
75,1990-04-30,-3.36,-0.4500000000000001,-2.59,0.69,199000.0,400.0,2.39,-3.045873613193114,-2.9511651135851884,-3.323887052835957,-3.2360302434423476
76,1990-05-31,8.42,-2.56,-3.83,0.6799999999999999,199000.0,500.0,3.0300000000000002,7.519640533270689,7.519640533270689,10.016253854584269,10.016253854584269
77,1990-06-29,-1.09,1.3599999999999999,-1.9300000000000002,0.63,199000.0,600.0,2.4,0.19869070549761933,0.19869070549761933,0.5320361946518954,0.5320361946518954
78,1990-07-31,-1.9,-3.09,-0.04,0.6799999999999999,199000.0,700.0,6.140000000000001,-2.961330393936804,-2.86658297573268,-2.573484064041402,-2.4852097935943784
79,1990-08-31,-10.15,-3.56,1.6,0.66,199000.0,800.0,1.8800000000000001,-8.310339789992085,-8.310339789992085,-9.068947155496398,-9.068947155496398
80,1990-09-28,-6.12,-3.6700000000000004,0.61,0.6,199000.0,900.0,5.779999999999999,-5.532468640086254,-5.532468640086254,-5.784784127115501,-5.784784127115501
81,1990-10-31,-1.92,-5.53,0.0,0.6799999999999999,199000.0,1000.0,6.709999999999999,-3.1982182572168276,-3.104501090919809,-2.521841451545367,-2.4341889263644036
82,1990-11-30,6.35,0.4500000000000001,-2.97,0.57,199000.0,1100.0,-5.48,6.84575125113888,6.84575125113888,7.33871891955951,7.33871891955951
83,1990-12-31,2.46,0.8199999999999998,-1.63,0.6,199000.0,1200.0,0.29,3.020400617029923,3.0629006170299227,2.946253856133497,2.9675485529433736
84,1991-01-31,4.6899999999999995,3.83,-1.5699999999999998,0.52,199100.0,100.0,-6.45,6.491842135988854,6.593519629165194,6.8221933550560765,6.907201460717598
85,1991-02-28,7.19,3.9899999999999998,-0.63,0.48,199100.0,200.0,-4.61,7.119846215620799,7.221527631882181,7.5500536967198215,7.635038126135145
86,1991-03-28,2.65,3.9,-1.3,0.44,199100.0,300.0,2.87,3.4154628967422376,3.51714212745411,3.3710661270779867,3.4561354699672386
87,1991-04-30,-0.27999999999999997,0.48,1.4500000000000002,0.53,199100.0,400.0,-2.36,-1.248547808539127,-1.1468702368822128,-0.8467140667009022,-0.7616216952893231
88,1991-05-31,3.65,-0.4,-0.49,0.4699999999999999,199100.0,500.0,-0.11,4.198558077364136,4.300234301355337,4.4617630900199945,4.546541004430664
89,1991-06-28,-4.940000000000001,0.15,1.0699999999999998,0.42,199100.0,600.0,0.4699999999999999,-5.959296350662349,-5.857618487449706,-6.339845998758022,-6.255044176470798
90,1991-07-31,4.24,-0.9199999999999999,-1.32,0.49,199100.0,700.0,4.24,5.533486595684917,5.634678527018982,5.946679807722139,6.03159634625171
91,1991-08-30,2.32,1.59,-0.7800000000000001,0.45999999999999996,199100.0,800.0,1.5699999999999998,2.888668942605446,2.989856302439489,2.9323279640974205,3.0173404694978965
92,1991-09-30,-1.59,1.6400000000000001,-1.0699999999999998,0.45999999999999996,199100.0,900.0,1.79,-0.9649149019879301,-0.8637327301772342,-0.8926758969773754,-0.8076472987093269
93,1991-10-31,1.29,0.8100000000000002,-0.45999999999999996,0.42,199100.0,1000.0,3.06,1.9949901935171315,2.096167268211252,1.7171723635194411,1.802047108680987
94,1991-11-29,-4.19,-0.5,-1.8800000000000001,0.38999999999999996,199100.0,1100.0,1.1400000000000001,-4.694979646048003,-4.5938086509988985,-4.667842231028732,-4.583025086873764
95,1991-12-31,10.84,-2.2399999999999998,-4.18,0.38,199100.0,1200.0,8.19,12.142988551198192,12.225689741667223,12.627766250227468,12.707767007175006
96,1992-01-31,-0.59,8.46,4.7,0.33999999999999997,199200.0,100.0,-2.4899999999999998,0.33186530374791445,0.41388797307155434,-0.1741365671053443,-0.09391441967066855
97,1992-02-28,1.09,0.8699999999999999,6.47,0.27999999999999997,199200.0,200.0,-0.53,0.9528980857121533,1.034257307535485,1.0263795084153138,1.106499843600322
98,1992-03-31,-2.6599999999999997,-1.04,3.55,0.33999999999999997,199200.0,300.0,-0.29,-3.838031803231308,-3.7579857731568884,-3.902428434831024,-3.8222062859529156
99,1992-04-30,1.0699999999999998,-6.059999999999999,4.32,0.32,199200.0,400.0,-2.58,-1.7915844591179688,-1.711529193486354,-1.2561508787418592,-1.1760819984144026
100,1992-05-29,0.3,0.40999999999999986,1.1900000000000002,0.27999999999999997,199200.0,500.0,0.21,0.40543522881923405,0.4854912889639228,0.8392463377259577,0.9193262476617753
101,1992-06-30,-2.34,-3.0700000000000003,3.25,0.32,199200.0,600.0,-0.58,-3.688113694699169,-3.6105516808318963,-3.4553245130992747,-3.3753391127294328
102,1992-07-31,3.7699999999999996,-0.51,-0.5500000000000002,0.31,199200.0,700.0,1.59,3.3473771384578708,3.4249179674202024,3.162267952555895,3.2423884033353847
103,1992-08-31,-2.3800000000000003,-0.13999999999999999,-1.08,0.26,199200.0,800.0,-0.51,-2.709495182191439,-2.632431728605389,-2.775323904088696,-2.6952922528833607
104,1992-09-30,1.1900000000000002,0.49,-0.22999999999999998,0.26,199200.0,900.0,1.5,1.4903352021462626,1.5660712689197935,1.338448771732143,1.4183279603580836
105,1992-10-30,1.02,2.1,-1.9800000000000002,0.22999999999999998,199200.0,1000.0,2.48,2.1223806544031354,2.198076873998555,1.708080170257969,1.787907658476931
106,1992-11-30,4.130000000000001,3.7900000000000005,-1.4200000000000002,0.22999999999999998,199200.0,1100.0,-0.15,5.446767325044006,5.52244781850149,4.5389875927975245,4.618814698439379
107,1992-12-31,1.53,1.67,2.65,0.27999999999999997,199200.0,1200.0,4.31,1.7373620542232608,1.8367912594972995,1.7859338739315982,1.872034183112468
108,1993-01-29,0.93,1.8499999999999999,5.949999999999999,0.22999999999999998,199300.0,100.0,4.83,0.9585906399913515,1.0575138988710213,1.623546328127766,1.7098939917509368
109,1993-02-26,0.12,-3.49,6.4399999999999995,0.22,199300.0,200.0,3.1399999999999997,-2.339223168028675,-2.24068308176771,-1.6000852134477204,-1.513685189554042
110,1993-03-31,2.3,0.22999999999999998,1.1900000000000002,0.25,199300.0,300.0,3.73,2.6184360456058453,2.71672274525816,3.115722729962173,3.201941450996975
111,1993-04-30,-3.05,-0.6799999999999999,2.48,0.24,199300.0,400.0,0.38,-3.2443463125052903,-3.146062667379394,-1.8450417334135834,-1.7588418100005907
112,1993-05-28,2.8899999999999997,2.08,-3.5000000000000004,0.22,199300.0,500.0,0.22,3.7658785951764564,3.8641136711179316,4.610773728328305,4.696798355492585
113,1993-06-30,0.31,-0.26,2.7199999999999998,0.25,199300.0,600.0,4.55,0.041085908016279524,0.13931070768055157,0.7326297910897674,0.8186615550000583
114,1993-07-30,-0.33999999999999997,0.9000000000000001,2.82,0.24,199300.0,700.0,3.19,-0.457483161691997,-0.3592593042056358,-0.024789163386540254,0.06125904845697239
115,1993-08-31,3.71,0.13999999999999999,0.13999999999999999,0.25,199300.0,800.0,2.65,4.060165113894204,4.158373078041468,4.91923402672529,5.005237248424476
116,1993-09-30,-0.12,2.98,-0.35000000000000003,0.26,199300.0,900.0,3.37,0.9953914425362544,1.0937399231872746,1.1983466187445126,1.2841053797099575
117,1993-10-29,1.41,2.03,-2.78,0.22,199300.0,1000.0,-2.7199999999999998,0.9302512482967278,1.028767059673561,0.2934863027003258,0.3793073187576886
118,1993-11-30,-1.8900000000000001,-1.13,-0.66,0.25,199300.0,1100.0,-4.74,-2.435841695433501,-2.337585115138318,-3.1922615922718145,-3.106515767252474
119,1993-12-31,1.6500000000000001,1.2,0.27,0.22999999999999998,199300.0,1200.0,2.36,2.810423973857532,2.908304796695288,3.039189028151524,3.127373413790617
120,1994-01-31,2.87,0.51,1.28,0.25,199400.0,100.0,0.0,2.72401171794868,2.8227822796019186,3.572454920317731,3.6606940397354135
121,1994-02-28,-2.55,2.8000000000000003,-1.5599999999999998,0.21,199400.0,200.0,-0.3,-1.6005829545586108,-1.5018898556414368,-1.3387608592652132,-1.2501216420411791
122,1994-03-31,-4.78,-1.1400000000000001,1.55,0.27,199400.0,300.0,-1.27,-5.2784119796418985,-5.179067918833468,-5.088294966447729,-4.999537967814697
123,1994-04-29,0.6799999999999999,-0.9199999999999999,1.66,0.27,199400.0,400.0,0.38999999999999996,0.20040854979334238,0.3000575752805097,0.5171909098846013,0.6059994782046272
124,1994-05-31,0.58,-2.12,0.7,0.31,199400.0,500.0,-2.19,-0.3776863812952849,-0.2788215815654555,-0.9122356942009644,-0.824081226209532
125,1994-06-30,-3.0300000000000002,-0.4,1.67,0.31,199400.0,600.0,-0.8699999999999999,-3.7365155168585233,-3.6377944355545964,-4.327877707251079,-4.239560424174902
126,1994-07-29,2.82,-1.76,0.57,0.27999999999999997,199400.0,700.0,0.1,2.195676287367658,2.2951117733647255,2.2975977735063657,2.3860563763751146
127,1994-08-31,4.01,1.43,-2.5,0.37,199400.0,800.0,1.55,4.569764726864663,4.669215968157155,4.614907346730473,4.70341311044685
128,1994-09-30,-2.31,3.11,-1.8399999999999999,0.37,199400.0,900.0,1.31,-1.8517596750229397,-1.7529017453000044,-2.305438433790529,-2.2167642252165205
129,1994-10-31,1.34,-2.26,-1.63,0.38,199400.0,1000.0,1.49,1.232510305380974,1.331241995261861,2.3191498910796726,2.4076398090209965
130,1994-11-30,-4.04,0.31,-0.73,0.37,199400.0,1100.0,-0.18,-4.174664613630933,-4.07624433459432,-4.863478475073084,-4.774879029217133
131,1994-12-30,0.86,0.19,-0.09,0.44,199400.0,1200.0,3.4799999999999995,0.9131974294963457,1.0104076131981146,0.8033577804298864,0.8899765734904665
132,1995-01-31,1.7999999999999998,-3.44,2.5100000000000002,0.42,199500.0,100.0,-1.81,0.07697513715896427,0.17465722660553903,-1.1075126854242971,-1.0208749754152397
133,1995-02-28,3.63,-0.66,1.09,0.4,199500.0,200.0,-0.38999999999999996,3.5949535056192734,3.6922468198344203,4.029731303491737,4.116507498594048
134,1995-03-31,2.19,-0.21,-2.08,0.45999999999999996,199500.0,300.0,0.43,2.3408120107609953,2.4374810508777864,2.818810922331224,2.905704789033529
135,1995-04-28,2.11,-0.49,1.7000000000000002,0.44,199500.0,400.0,1.79,1.454556452879988,1.5509524672228685,2.85163870091882,2.9386254423501237
136,1995-05-31,2.9000000000000004,-2.52,2.27,0.54,199500.0,500.0,-0.42,2.119931613546761,2.216515570492489,2.2064489920454373,2.2935593567032773
137,1995-06-30,2.7199999999999998,3.15,-2.54,0.4699999999999999,199500.0,600.0,2.93,3.957780183140104,4.0538174408024545,5.646464100823429,5.733685948571566
138,1995-07-31,3.7199999999999998,2.06,-1.59,0.4500000000000001,199500.0,700.0,2.5700000000000003,4.690146160595492,4.786844733219897,6.256064207523619,6.34342668862464
139,1995-08-31,0.5500000000000002,1.3599999999999999,2.81,0.4699999999999999,199500.0,800.0,0.16,0.47111309893782605,0.5679241076353339,0.50308306436258,0.5905474798992292
140,1995-09-29,3.35,-2.1999999999999997,-0.05,0.43,199500.0,900.0,2.9000000000000004,2.410834387911515,2.505347632718618,2.1222071643516207,2.209727401534303
141,1995-10-31,-1.52,-3.8,-0.51,0.4699999999999999,199500.0,1000.0,4.16,-2.342855752228543,-2.2503685200268646,-2.0814851940507384,-1.9938745750795253
142,1995-11-30,3.9600000000000004,-1.11,0.58,0.42,199500.0,1100.0,-0.6799999999999999,3.2750167715607943,3.367999776505758,2.068042914128934,2.1557392702084703
143,1995-12-29,1.03,0.72,0.18,0.49,199500.0,1200.0,2.52,0.19426633184833594,0.29240909785035374,-0.9383830996222923,-0.8521603219978184
144,1996-01-31,2.26,-2.73,0.4,0.43,199600.0,100.0,0.54,1.2814716300319688,1.380619458496165,1.330339654974951,1.416806017272784
145,1996-02-29,1.3299999999999998,1.78,-1.0699999999999998,0.38999999999999996,199600.0,200.0,0.59,2.0975081419403194,2.1967561000535167,0.8356797346391852,0.9221437862720172
146,1996-03-29,0.73,1.51,0.36,0.38999999999999996,199600.0,300.0,-1.8399999999999999,0.8614918036328911,0.960912876339549,0.1623515874857862,0.24891918052287604
147,1996-04-30,2.06,5.220000000000001,-4.05,0.45999999999999996,199600.0,400.0,-0.88,3.09746688909036,3.1973370649649424,2.0642042283095425,2.150805363816335
148,1996-05-31,2.36,3.19,-0.89,0.42,199600.0,500.0,1.54,2.8697513018801146,2.970049711129813,1.4922719038665724,1.5790573459404242
149,1996-06-28,-1.1400000000000001,-3.9899999999999998,2.3800000000000003,0.4,199600.0,600.0,0.98,-2.287848724249141,-2.1889774041784342,-1.4416513857957296,-1.3546307970496398
150,1996-07-31,-5.970000000000001,-4.31,5.139999999999999,0.4500000000000001,199600.0,700.0,-0.16999999999999998,-6.749444088716102,-6.6502275141229985,-6.157776444399267,-6.07078714315031
151,1996-08-30,2.77,2.46,-0.74,0.40999999999999986,199600.0,800.0,0.01,3.772208257020946,3.872255053055073,2.7110922770051173,2.798073061730121
152,1996-09-30,5.01,-0.98,-2.7,0.44,199600.0,900.0,2.7,5.0930999070071215,5.193750462132855,5.213428116917505,5.300516082064722
153,1996-10-31,0.86,-4.44,4.940000000000001,0.42,199600.0,1000.0,3.7900000000000005,-0.19234021473550184,-0.0920356821466778,0.9198928238951042,1.0071702576336168
154,1996-11-29,6.25,-4.05,1.39,0.40999999999999986,199600.0,1100.0,-2.37,5.249575096630022,5.349980460025272,5.767998264243567,5.855240503487927
155,1996-12-31,-1.7000000000000002,3.17,1.32,0.45999999999999996,199600.0,1200.0,0.63,-1.2186098439106032,-1.1275275226702408,-2.49252852022766,-2.4087348617979494
156,1997-01-31,4.99,-1.94,-1.46,0.4500000000000001,199700.0,100.0,1.96,4.0165067516727815,4.13996291122266,4.590284610558608,4.67391097067966
157,1997-02-28,-0.49,-3.2,5.690000000000001,0.38999999999999996,199700.0,200.0,-2.13,-2.2691219214326344,-2.1675183229677937,-2.0826880466763242,-1.9974638546789387
158,1997-03-31,-5.029999999999999,-0.35000000000000003,3.4000000000000004,0.43,199700.0,300.0,0.9000000000000001,-5.292239261626934,-5.194309839115508,-4.835377647923196,-4.748975135877254
159,1997-04-30,4.04,-5.779999999999999,0.07,0.43,199700.0,400.0,4.84,1.9826669058132018,2.089344953317368,3.4181974844703964,3.501437751833651
160,1997-05-30,6.74,5.19,-4.12,0.49,199700.0,500.0,-5.17,8.144651301844013,8.24013199224293,6.795748800297553,6.874762081891628
161,1997-06-30,4.099999999999999,1.24,1.59,0.37,199700.0,600.0,2.6,3.9627323124038263,4.04868834812127,3.6760867350007262,3.755910798096027
162,1997-07-31,7.33,-2.73,0.29,0.43,199700.0,700.0,3.7900000000000005,7.4770172601224525,7.5915774406336745,7.919287792115714,7.999200517161752
163,1997-08-29,-4.15,7.31,1.2,0.40999999999999986,199700.0,800.0,-2.56,-2.380456436333648,-2.305670022928193,-4.391934334008864,-4.30897306732273
164,1997-09-30,5.35,2.53,0.38,0.44,199700.0,900.0,1.47,5.723882452902957,5.819765318139187,5.276703012773097,5.35494444285637
165,1997-10-31,-3.8,-0.77,2.25,0.42,199700.0,1000.0,-0.57,-4.516571272942981,-4.4224475147409406,-4.339939311690142,-4.252482081213542
166,1997-11-28,2.98,-5.13,1.1900000000000002,0.38999999999999996,199700.0,1100.0,0.33,0.6423717436274681,0.7498481217331662,1.2643002181177574,1.348599441819833
167,1997-12-31,1.32,-2.4699999999999998,3.8600000000000003,0.48,199700.0,1200.0,3.9800000000000004,0.5446720863261179,0.63810350663873,0.6783951550692281,0.750084458590903
168,1998-01-30,0.15,-1.06,-1.59,0.43,199800.0,100.0,0.13999999999999999,-0.6189252214309852,-0.520734743142131,0.282011508189224,0.3516117970367584
169,1998-02-27,7.04,0.33999999999999997,-0.8500000000000001,0.38999999999999996,199800.0,200.0,-1.1199999999999999,7.546171543037581,7.643550540190697,7.263140463014405,7.333986088856882
170,1998-03-31,4.760000000000001,-1.11,1.41,0.38999999999999996,199800.0,300.0,2.15,4.254825103301496,4.3525673449692786,4.389106786564718,4.460112719168479
171,1998-04-30,0.73,0.02,0.9000000000000001,0.43,199800.0,400.0,0.74,0.585791300570411,0.6818319357587879,0.5663101801925405,0.6375878290218563
172,1998-05-29,-3.0700000000000003,-3.35,3.4000000000000004,0.4,199800.0,500.0,1.82,-4.008020306976352,-3.910159444763646,-2.857856710443488,-2.7865254028656636
173,1998-06-30,3.18,-3.2300000000000004,-1.96,0.40999999999999986,199800.0,600.0,7.28,2.2628793339780797,2.3607639006551264,3.9260640895003784,3.997385702430914
174,1998-07-31,-2.46,-4.91,-1.76,0.4,199800.0,700.0,3.73,-4.197382140718052,-4.099831808090847,-1.674500352694594,-1.603133702841051
175,1998-08-31,-16.08,-5.680000000000001,3.5999999999999996,0.43,199800.0,800.0,1.8399999999999999,-18.048531324336086,-17.949639467867755,-16.552375262589557,-16.48119261000074
176,1998-09-30,6.150000000000001,0.1,-3.37,0.45999999999999996,199800.0,900.0,-0.8100000000000002,5.894665098157571,5.993516535676431,5.98570916218436,6.056016867905232
177,1998-10-30,7.13,-3.1199999999999997,-2.29,0.32,199800.0,1000.0,-5.37,6.101383277885592,6.200518056844106,5.931349395117592,6.001921695840195
178,1998-11-30,6.1,1.2,-3.2300000000000004,0.31,199800.0,1100.0,1.2,5.823125465232366,5.922610067277418,6.421976677169951,6.492254811715578
179,1998-12-31,6.16,-0.51,-4.18,0.38,199800.0,1200.0,8.92,7.236713176286089,7.336138321722406,8.546888023680262,8.617396173158184
180,1999-01-29,3.5000000000000004,0.7800000000000001,-4.62,0.35000000000000003,199900.0,100.0,3.0300000000000002,2.033147160441652,2.131639236636474,4.2161909394777775,4.286821073389406
181,1999-02-26,-4.08,-6.059999999999999,1.8800000000000001,0.35000000000000003,199900.0,200.0,-0.1,-5.236249216912789,-5.1364683491840895,-4.211975344614148,-4.141564475474082
182,1999-03-31,3.45,-3.7699999999999996,-2.77,0.43,199900.0,300.0,-1.27,2.8329924037070855,2.9323355082991673,3.8609347967217476,3.931248358819403
183,1999-04-30,4.33,3.95,2.41,0.37,199900.0,400.0,-9.04,4.645131074815708,4.744792363740894,2.11837672971237,2.1911033319379882
184,1999-05-28,-2.46,3.37,2.3,0.33999999999999997,199900.0,500.0,-5.19,-0.6708301224331458,-0.5717322738295764,-2.307039808371686,-2.2344116995522643
185,1999-06-30,4.77,3.1399999999999997,-3.27,0.4,199900.0,600.0,5.06,5.463694117009353,5.562845540656132,5.795698147154214,5.868632940734258
186,1999-07-30,-3.49,2.6,-0.42,0.38,199900.0,700.0,1.66,-2.413930132168132,-2.3138471657892836,-3.076882633863371,-3.0038609444724997
187,1999-08-31,-1.38,-0.9399999999999998,-1.8399999999999999,0.38999999999999996,199900.0,800.0,3.1199999999999997,-1.7800223689084085,-1.6795037314690988,-1.2620541307864659,-1.188301963256819
188,1999-09-30,-2.79,3.44,-3.4799999999999995,0.38999999999999996,199900.0,900.0,6.47,-1.790489502520619,-1.690336815289524,-1.8687099104139422,-1.7950268622833883
189,1999-10-29,6.12,-6.61,-3.37,0.38999999999999996,199900.0,1000.0,5.5,4.524223475942376,4.6241567567632,5.303031577066719,5.376701878482741
190,1999-11-30,3.37,7.22,-6.16,0.36,199900.0,1100.0,5.64,5.0977373559502555,5.197340880738603,3.8802077054011765,3.9538688817916183
191,1999-12-31,7.719999999999999,6.99,-8.32,0.44,199900.0,1200.0,13.22,9.208659493758846,9.30940630867923,9.689940283843494,9.763640702606184
192,2000-01-31,-4.74,5.79,-1.8900000000000001,0.40999999999999986,200000.0,100.0,1.92,-3.7650039002246922,-3.663804812205614,-4.3333113838636965,-4.257530821195697
193,2000-02-29,2.45,21.48,-9.81,0.43,200000.0,200.0,18.2,6.251562308477768,6.3531580889754,5.500632843016906,5.57624273986835
194,2000-03-31,5.2,-17.29,8.23,0.4699999999999999,200000.0,300.0,-6.83,5.156962536063782,5.258708280863831,4.625076626094188,4.701100125640469
195,2000-04-28,-6.4,-6.63,7.249999999999999,0.45999999999999996,200000.0,400.0,-8.39,-4.672310874229259,-4.570676851198039,-6.3522800300690685,-6.273863725711673
196,2000-05-31,-4.42,-6.11,4.83,0.5,200000.0,500.0,-8.98,-3.6414815364678934,-3.5395134091933853,-5.33880406218287,-5.259560183557719
197,2000-06-30,4.64,12.8,-8.41,0.4,200000.0,600.0,16.61,4.705073939675867,4.806149372209077,5.55281045288964,5.631820047289306
198,2000-07-31,-2.5100000000000002,-3.08,8.33,0.48,200000.0,700.0,-0.1,-2.0464115366236832,-1.9453703001808442,-2.7925629112936545,-2.713166755157803
199,2000-08-31,7.03,-0.63,-1.37,0.5,200000.0,800.0,5.7299999999999995,8.167213955872544,8.269049594608557,7.775212749918022,7.854717723196012
200,2000-09-29,-5.45,-1.73,7.17,0.51,200000.0,900.0,1.97,-3.759858540797599,-3.6577533318135576,-5.797950407613042,-5.718127952742588
201,2000-10-31,-2.76,-3.93,5.64,0.56,200000.0,1000.0,-4.480000000000001,-2.7681957002092616,-2.665803402384231,-4.062450613350683,-3.982479976730107
202,2000-11-30,-10.72,-3.39,12.34,0.51,200000.0,1100.0,-2.32,-10.18464704057244,-10.082244394748887,-11.978970133499017,-11.898677879493267
203,2000-12-29,1.1900000000000002,0.73,7.6,0.5,200000.0,1200.0,6.74,4.330233195351286,4.4333915291688255,1.6117269405123178,1.6926696538153028
204,2001-01-31,3.1300000000000003,6.68,-5.110000000000001,0.54,200100.0,100.0,-25.3,2.5332219195577954,2.6373213165772498,1.7413969744876592,1.823683637362958
205,2001-02-28,-10.05,-0.74,12.479999999999999,0.38,200100.0,200.0,12.57,-9.167818874428725,-9.06354948049664,-11.826074708712277,-11.743643313042115
206,2001-03-30,-7.26,0.27,6.43,0.42,200100.0,300.0,8.55,-7.224713816716044,-7.119514152208427,-8.604486223696531,-8.522951610942545
207,2001-04-30,7.9399999999999995,0.56,-4.7,0.38999999999999996,200100.0,400.0,-7.9,8.727248098247088,8.833818885224762,9.192203781100606,9.274807461544285
208,2001-05-31,0.72,2.5,3.36,0.32,200100.0,500.0,2.21,1.1305828841120822,1.2372575023116987,0.23602865840525789,0.3188696301027472
209,2001-06-29,-1.94,6.27,-1.13,0.27999999999999997,200100.0,600.0,0.38,-1.1510721849431411,-1.0432797729315597,-2.4120657207078917,-2.3306871309243586
210,2001-07-31,-2.13,-4.19,5.21,0.3,200100.0,700.0,5.58,-2.724641032700728,-2.6167726516021976,-3.029627474438635,-2.946207430365121
211,2001-08-31,-6.460000000000001,2.48,2.3,0.31,200100.0,800.0,5.53,-5.484162791329792,-5.375613862124754,-6.857129308215819,-6.774038825441398
212,2001-09-28,-9.25,-6.25,1.46,0.27999999999999997,200100.0,900.0,11.48,-11.065416878534359,-10.956765477409203,-10.240355745627557,-10.156802398624109
213,2001-10-31,2.46,7.490000000000001,-7.66,0.22,200100.0,1000.0,-8.47,3.7658304452614733,3.874873454429119,3.540433180458965,3.623908938192126
214,2001-11-30,7.539999999999999,-0.4699999999999999,2.22,0.16999999999999998,200100.0,1100.0,-8.69,7.5852172350880585,7.6946816683640025,7.373568385503014,7.455953599086378
215,2001-12-31,1.6,4.73,0.8500000000000001,0.15,200100.0,1200.0,0.07,2.9864114581408203,3.095345721623019,1.557868287190796,1.6421605074465015
216,2002-01-31,-1.44,1.1900000000000002,3.44,0.13999999999999999,200200.0,100.0,3.75,-1.8247871228932095,-1.7144068075454415,-2.7699998203592604,-2.6850855088218695
217,2002-02-28,-2.29,-1.0,2.16,0.13,200200.0,200.0,6.819999999999999,-2.624694355077899,-2.5145176398158333,-2.717824629252117,-2.632661632502847
218,2002-03-28,4.24,4.21,1.0699999999999998,0.13,200200.0,300.0,-1.6400000000000001,5.27894557734573,5.38892631199736,4.1003490321370295,4.185554849219724
219,2002-04-30,-5.2,5.96,3.88,0.15,200200.0,400.0,7.629999999999999,-3.3898900318529464,-3.279608528968288,-5.133845801643907,-5.050264096967651
220,2002-05-31,-1.38,-3.2099999999999995,1.53,0.13999999999999999,200200.0,500.0,3.16,-1.8602274848024742,-1.749382243261052,-1.3558694595501413,-1.2719489586257264
221,2002-06-28,-7.21,4.279999999999999,-0.03,0.13,200200.0,600.0,6.03,-7.301084893794991,-7.189529874278492,-7.825556449300876,-7.741348440664317
222,2002-07-31,-8.18,-5.26,-3.8600000000000003,0.15,200200.0,700.0,3.74,-9.886497717203454,-9.775230996998257,-8.252679652844627,-8.16840498522801
223,2002-08-30,0.5,-2.87,3.3099999999999996,0.13999999999999999,200200.0,800.0,1.9,0.33492135243380844,0.4461222666629139,0.4626027148738349,0.5466158679194209
224,2002-09-30,-10.35,2.4299999999999997,1.44,0.13999999999999999,200200.0,900.0,9.13,-8.886307989639972,-8.775125866201531,-9.268896643711381,-9.185045873522824
225,2002-10-31,7.84,-3.4099999999999997,-3.95,0.13999999999999999,200200.0,1000.0,-5.58,5.732486466093815,5.843676043732597,6.95410149696439,7.038353763153723
226,2002-11-29,5.96,3.2300000000000004,-1.27,0.12,200200.0,1100.0,-16.33,6.195245630676922,6.305989931931312,5.106583871221967,5.190408590293013
227,2002-12-31,-5.76,0.11,2.13,0.11,200200.0,1200.0,9.64,-5.46016367470938,-5.349156828635402,-5.755146127479013,-5.671700007180184
228,2003-01-31,-2.5700000000000003,1.3,-0.73,0.1,200300.0,100.0,1.55,-2.408345663244345,-2.297479759575782,-2.6241055791966756,-2.540853890305344
229,2003-02-28,-1.8800000000000001,-0.45999999999999996,-1.38,0.09,200300.0,200.0,1.17,-2.1714664518855304,-2.0602592401424724,-1.5102622694689558,-1.4268871193144863
230,2003-03-31,1.09,1.04,-1.9300000000000002,0.1,200300.0,300.0,1.48,0.9457762093836996,1.0567920807849362,1.3064658122391746,1.389795161008061
231,2003-04-30,8.22,0.67,1.17,0.1,200300.0,400.0,-9.33,7.836160440973705,7.947908323380862,7.376738651922049,7.459018203758023
232,2003-05-30,6.05,4.71,0.53,0.09,200300.0,500.0,-10.7,7.4353505773544315,7.547065149798065,5.975242777662268,6.057580418550147
233,2003-06-30,1.4200000000000002,1.7399999999999998,0.19,0.1,200300.0,600.0,-1.0,1.5766755308040292,1.6887783890503156,1.2644487510572695,1.347064651893027
234,2003-07-31,2.35,5.110000000000001,-1.1900000000000002,0.07,200300.0,700.0,-0.32,3.1122367961617985,3.2243608675836395,2.3484676701785427,2.430853993070552
235,2003-08-29,2.34,2.62,1.54,0.07,200300.0,800.0,-0.62,3.3711859473585064,3.4825874929588494,2.6873636098608635,2.7699934583657058
236,2003-09-30,-1.24,0.8,0.1,0.08,200300.0,900.0,-0.19,-1.6248046538803715,-1.513290780181822,-1.4979672408370563,-1.415385563363975
237,2003-10-31,6.08,2.63,1.92,0.07,200300.0,1000.0,3.9899999999999998,6.755948612676127,6.86675504088404,5.9548292523622965,6.0367010684779
238,2003-11-28,1.35,2.0,1.81,0.07,200300.0,1100.0,1.46,1.9709742748042034,2.0805992442873773,1.2850573377220724,1.367078805240748
239,2003-12-31,4.29,-2.71,1.6,0.08,200300.0,1200.0,-5.57,3.389824883578692,3.499267850794784,3.6393128816840163,3.7217679448894287
240,2004-01-30,2.15,2.54,2.46,0.07,200400.0,100.0,2.58,2.368759461496056,2.477987920808064,2.0213208661266275,2.103106998130886
241,2004-02-27,1.4000000000000001,-1.52,0.8699999999999999,0.06,200400.0,200.0,-1.1400000000000001,1.4230109417419539,1.5326122366375359,1.5098771910721325,1.5918033560549352
242,2004-03-31,-1.32,1.7500000000000002,0.22999999999999998,0.09,200400.0,300.0,0.16999999999999998,-0.5818003924240064,-0.47234613713343104,-0.7589143386520709,-0.6769502925570378
243,2004-04-30,-1.83,-1.7399999999999998,-3.02,0.08,200400.0,400.0,-5.38,-2.8980781623531287,-2.7883686547460567,-2.2629438679229863,-2.1817298395286797
244,2004-05-28,1.17,-0.25,-0.22999999999999998,0.06,200400.0,500.0,1.5,1.367181055990147,1.4770903718448762,1.4390908970594418,1.5202233717612055
245,2004-06-30,1.8599999999999999,2.2800000000000002,1.23,0.08,200400.0,600.0,2.0500000000000003,2.600822722252221,2.7114404621630754,2.0457468211019743,2.1269933559325453
246,2004-07-30,-4.06,-3.8,3.2199999999999998,0.1,200400.0,700.0,-2.2800000000000002,-4.821518705254538,-4.710891831122928,-4.938530057115613,-4.8570480678421815
247,2004-08-31,0.08,-1.49,1.0,0.11,200400.0,800.0,-1.59,-0.7708661951160409,-0.660387970522133,-0.45246663050400393,-0.3713239882575802
248,2004-09-30,1.6,3.02,-0.02,0.11,200400.0,900.0,5.489999999999999,2.981739136432426,3.0922924721288663,2.3959988897413598,2.477390238014683
249,2004-10-29,1.43,0.15,-0.25,0.11,200400.0,1000.0,-1.38,1.467838527915654,1.5777314704849639,1.5423785588611503,1.6234911855995435
250,2004-11-30,4.54,3.73,1.4500000000000002,0.15,200400.0,1100.0,3.16,5.585656941028481,5.695514270612391,4.642882608779737,4.722967429779696
251,2004-12-31,3.4299999999999997,-0.03,-0.21,0.16,200400.0,1200.0,-2.87,3.4143225481459356,3.523079010111464,3.2714627970509813,3.3524726303448866
252,2005-01-31,-2.76,-1.72,2.07,0.16,200500.0,100.0,3.05,-2.8502850888824804,-2.741656112345729,-2.658120119574717,-2.5770389013210435
253,2005-02-28,1.8900000000000001,-0.57,1.54,0.16,200500.0,200.0,3.37,2.011233093378735,2.119903748553146,1.5996656422632753,1.6805472936645052
254,2005-03-31,-1.97,-1.4000000000000001,2.0500000000000003,0.21,200500.0,300.0,0.40999999999999986,-2.011144655587918,-1.9026556450514525,-1.9179652777558354,-1.8375073312483199
255,2005-04-29,-2.6100000000000003,-3.93,0.05,0.21,200500.0,400.0,-0.69,-3.7937453798335707,-3.685652072805148,-3.0614573392741007,-2.98332880570654
256,2005-05-31,3.65,2.88,-0.59,0.24,200500.0,500.0,0.4500000000000001,4.365171568790751,4.47342215230961,4.237098349865712,4.3174052006181896
257,2005-06-30,0.57,2.59,2.81,0.22999999999999998,200500.0,600.0,2.0500000000000003,1.4876229093932658,1.5958096048711228,0.8320811877925096,0.9124185596421199
258,2005-07-29,3.92,2.9000000000000004,-0.7800000000000001,0.24,200500.0,700.0,0.06,4.459032455979205,4.566992499445031,4.243934685212393,4.324367772702429
259,2005-08-31,-1.22,-0.98,1.34,0.3,200500.0,800.0,2.08,-1.120548367466051,-1.0125830846326642,-0.9298489432780827,-0.8500366373631676
260,2005-09-30,0.49,-0.67,0.69,0.29,200500.0,900.0,3.4299999999999997,0.7115237002559884,0.8193438047757726,0.863974121261548,0.9431991307398083
261,2005-10-31,-2.02,-1.23,0.40999999999999986,0.27,200500.0,1000.0,-1.39,-2.557387232817886,-2.449977888427987,-2.140072645098658,-2.060928123310559
262,2005-11-30,3.61,0.9899999999999999,-1.2,0.31,200500.0,1100.0,0.35000000000000003,3.883543118531621,3.989302971338554,3.9280597604969403,4.006759752410138
263,2005-12-30,-0.25,-0.40999999999999986,0.22,0.32,200500.0,1200.0,0.77,0.144298038892506,0.2501682182063398,0.4965476637638071,0.5754735150873797
264,2006-01-31,3.04,5.42,1.09,0.35000000000000003,200600.0,100.0,2.53,4.653424901121087,4.758858867845987,4.023176313174197,4.101937301971585
265,2006-02-28,-0.3,-0.4,-0.37,0.33999999999999997,200600.0,200.0,-1.8399999999999999,-0.7945781521378993,-0.6892574210062913,-1.2594733793057373,-1.1805927192362615
266,2006-03-31,1.46,3.45,0.5500000000000002,0.37,200600.0,300.0,1.26,2.058158921829698,2.1635717932432414,1.5843298575437612,1.6631192337056364
267,2006-04-28,0.73,-1.43,2.34,0.36,200600.0,400.0,0.61,0.6766725638399562,0.7816515410160831,0.7942759075833056,0.8732044659772252
268,2006-05-31,-3.5700000000000003,-2.98,2.39,0.43,200600.0,500.0,-3.700000000000001,-4.614957222959086,-4.510421038529011,-4.527706696540664,-4.448911254016616
269,2006-06-30,-0.35000000000000003,-0.38,0.8,0.4,200600.0,600.0,1.54,-0.5886212095807977,-0.4844873496398203,-0.46176133730969243,-0.383017204235631
270,2006-07-31,-0.7800000000000001,-3.9899999999999998,2.62,0.4,200600.0,700.0,-2.13,-2.2862394397907178,-2.1825722685985656,-1.9925342681822382,-1.9138491967958118
271,2006-08-31,2.03,1.01,-2.04,0.42,200600.0,800.0,-3.38,1.5629656284109568,1.666377913463045,1.5507723023436073,1.6290517256205936
272,2006-09-29,1.8399999999999999,-1.34,0.06,0.40999999999999986,200600.0,900.0,-0.96,1.4474659500023763,1.5501225254614206,1.4611683366539892,1.5390979938323397
